{"result":{"List(42)":0.1010921017119759,"List(22)":0.06440528029078053,"List(43)":0.14938434530859407,"List(71)":0.01606418877034574,"List(41)":0.18887598796201677,"List(21)":0.10532786338439001,"List(24)":0.010029554109157535,"List(31)":0.007790000177919865,"List(90)":0.01582717571785541,"List(52)":0.16766063067354733,"List(11)":0.0003680996417264283,"List(23)":0.024080129089020078,"List(82)":0.0,"List(81)":0.0021370587980045993,"List(95)":0.0006469204300002656}}