{"result":{"List(42)":0.206511688111982,"List(22)":0.16695226874641336,"List(43)":0.19906280961858158,"List(71)":0.22942145138570946,"List(41)":0.18912035761808532,"List(21)":0.21868470419874417,"List(0)":0.20602414696397067,"List(24)":0.06672464966401591,"List(31)":0.07092705045562692,"List(90)":0.31187355224088653,"List(52)":0.2698116178955606,"List(11)":0.05508165069169296,"List(23)":0.112148292194999,"List(82)":0.2559927368472959,"List(81)":0.23793733590310687,"List(95)":0.24373768152729858}}