{
  "input": {
    "polygon": [
      "{\"type\":\"MultiPolygon\",\"coordinates\":[[[[-75.220813751220703,39.932512033740309],[-75.150260925292969,39.929221201562726],[-75.120391845703125,39.924350479594167],[-75.124168395996094,39.894723763816785],[-75.192832946777344,39.89643587838578],[-75.229225158691406,39.903810652180944],[-75.224761962890625,39.928957928153828],[-75.220813751220703,39.932512033740309]]]]}"
    ],
    "polygonCRS": "LatLng",
    "vector": [
      "{\"type\":\"LineString\",\"coordinates\":[[-75.1288215938251,39.9064824713905],[-75.1304585938225,39.9015100713983],[-75.1317687271538,39.899939004734],[-75.132272527153,39.8982318047367],[-75.13424752715,39.8949806714084],[-75.1342491642937,39.8949751224884]]}",
      "{\"type\":\"LineString\",\"coordinates\":[[-75.1347928852483,39.9266988432078],[-75.1340507271503,39.9249032713619],[-75.132296527153,39.9228150713652],[-75.1318139938204,39.9215814713671],[-75.1319579938202,39.9210938047012],[-75.1315835938208,39.9194944047036],[-75.1298309938235,39.9162542047087],[-75.129725927157,39.9143162047117],[-75.1288317271584,39.9127570713808],[-75.1283853271591,39.9114016047162],[-75.1288547271583,39.9086644047205],[-75.1286589271587,39.9076072047221],[-75.1288215938251,39.9064824713905]]}",
      "{\"type\":\"LineString\",\"coordinates\":[[-75.2084850565156,39.9319369800169],[-75.208979527034,39.9315044713517],[-75.2114001270302,39.9284554046898],[-75.2122787270288,39.9260432046935],[-75.2122789270289,39.9237394046971],[-75.2120101270293,39.9229262046983],[-75.2112573936971,39.9220318046997],[-75.2098593270326,39.9210288047013],[-75.2079235270356,39.9207034047018],[-75.2044819270409,39.9208928047015],[-75.2035139937091,39.9207300047017],[-75.2027791937103,39.920350471369],[-75.2019011270449,39.9193068713706],[-75.2024393270441,39.9174774047068],[-75.2033537270427,39.9160952047089],[-75.2037841937087,39.9146316713779],[-75.2046985937073,39.91324947138],[-75.20509292704,39.9130598047137],[-75.2053439937063,39.9122060713817],[-75.2058459270388,39.9116504713825],[-75.2076203937028,39.9107968713838],[-75.2110615270307,39.9106074047174],[-75.2118679936962,39.9107430047172],[-75.2136243936934,39.9105262713842],[-75.2150403270245,39.9097402713855],[-75.2157931270234,39.9071790047228],[-75.2157393936902,39.9056340713918],[-75.2148077270249,39.9018936713977],[-75.214273903599,39.900780824686]]}",
      "{\"type\":\"LineString\",\"coordinates\":[[-75.1803371937451,39.9040496713943],[-75.1805153937448,39.9039122047279],[-75.1805745270781,39.903614671395]]}",
      "{\"type\":\"LineString\",\"coordinates\":[[-75.1869957270681,39.9064494047239],[-75.1877385937336,39.9063800713907],[-75.1882435937328,39.9062654047242],[-75.1886889937321,39.9058990713914],[-75.1888947937318,39.9034960047285]]}",
      "{\"type\":\"LineString\",\"coordinates\":[[-75.182979793741,39.9014624047317],[-75.1835437270735,39.9007526047328],[-75.1835433270734,39.9003864047333],[-75.1834541937403,39.9003406714],[-75.1834243270736,39.9000890047338],[-75.1833351270738,39.9000432714005],[-75.1831861937407,39.8995856047346],[-75.1830367937409,39.8987160047359],[-75.1829475937411,39.898624604736]]}",
      "{\"type\":\"LineString\",\"coordinates\":[[-75.190677993729,39.9038152713946],[-75.1899051937302,39.903586871395],[-75.1888947937318,39.9034960047285]]}",
      "{\"type\":\"LineString\",\"coordinates\":[[-75.1888947937318,39.9034960047285],[-75.1886865937321,39.9033130713954],[-75.1881217270663,39.902992871396],[-75.1869329937348,39.9027648047297],[-75.1864571937356,39.9024674713967],[-75.1862191270693,39.9021014047307],[-75.1863367937358,39.9008198047326],[-75.1861577937361,39.9000646714005],[-75.1863059937359,39.8996068714012],[-75.187048527068,39.8991258047353]]}",
      "{\"type\":\"LineString\",\"coordinates\":[[-75.1225451750674,39.907457793915],[-75.1244475271652,39.9075362713889],[-75.1248419938312,39.9073468713892],[-75.1253105271638,39.9074260047224]]}",
      "{\"type\":\"LineString\",\"coordinates\":[[-75.1253105271638,39.9074260047224],[-75.1264545938287,39.9076192047221],[-75.1288215938251,39.9064824713905]]}"
    ],
    "vectorCRS": "LatLng",
    "rasters": [
      "nlcd-2011-30m-epsg5070-512-int8"
    ],
    "rasterCRS": "ConusAlbers",
    "operationType": "RasterLinesJoin",
    "zoom": 0
  }
}
