{
  "huc12__55174": {
    "gwn": {
      "List(-256)": 60076,
      "List(27)": 14,
      "List(2)": 2577,
      "List(20)": 37,
      "List(4)": 3773,
      "List(5)": 1516,
      "List(12)": 1057,
      "List(34)": 423,
      "List(35)": 2175,
      "List(3)": 2296,
      "List(0)": 14876,
      "List(31)": 436,
      "List(18)": 459,
      "List(9)": 1089,
      "List(6)": 403,
      "List(23)": 496,
      "List(10)": 623,
      "List(1)": 2521,
      "List(46)": 226,
      "List(28)": 118
    },
    "avg_awc": {
      "List(-256)": 1.7660511808298869,
      "List(27)": 0,
      "List(2)": 4.36028324979472,
      "List(20)": 0,
      "List(4)": 4.6643493191304275,
      "List(5)": 2.353561949761373,
      "List(12)": 2.9810407524866775,
      "List(34)": 0,
      "List(35)": 3.0986804876656366,
      "List(3)": 3.3196907407938396,
      "List(0)": 5.627603512757181,
      "List(31)": 4.690000057220459,
      "List(18)": 0,
      "List(9)": 0,
      "List(6)": 0,
      "List(23)": 0,
      "List(10)": 0,
      "List(1)": 3.750353016961146,
      "List(46)": 0,
      "List(28)": 0
    },
    "nlcd_slope": {
      "List(81, 12)": 2,
      "List(22, 14)": 125,
      "List(90, 1)": 105,
      "List(11, 28)": 5,
      "List(31, 3)": 13,
      "List(95, 5)": 30,
      "List(24, 14)": 178,
      "List(41, 40)": 1,
      "List(41, 42)": 1,
      "List(52, 19)": 2,
      "List(24, 6)": 1156,
      "List(21, 17)": 74,
      "List(21, 23)": 28,
      "List(21, 40)": 1,
      "List(11, 26)": 14,
      "List(71, 26)": 1,
      "List(24, 30)": 3,
      "List(81, 14)": 5,
      "List(22, 0)": 2977,
      "List(21, 3)": 1547,
      "List(24, 0)": 16541,
      "List(81, 17)": 2,
      "List(22, 46)": 1,
      "List(90, 8)": 21,
      "List(22, 42)": 3,
      "List(24, 24)": 18,
      "List(90, 14)": 3,
      "List(71, 12)": 5,
      "List(11, 12)": 67,
      "List(41, 26)": 16,
      "List(11, 44)": 2,
      "List(11, 19)": 28,
      "List(23, 34)": 19,
      "List(43, 10)": 6,
      "List(90, 23)": 1,
      "List(43, 14)": 2,
      "List(52, 14)": 1,
      "List(24, 1)": 11356,
      "List(22, 36)": 7,
      "List(52, 10)": 2,
      "List(52, 17)": 1,
      "List(23, 1)": 8596,
      "List(23, 10)": 461,
      "List(21, 32)": 5,
      "List(81, 21)": 2,
      "List(82, 5)": 5,
      "List(21, 36)": 4,
      "List(11, 14)": 42,
      "List(41, 1)": 643,
      "List(23, 42)": 6,
      "List(23, 26)": 29,
      "List(21, 6)": 648,
      "List(41, 21)": 34,
      "List(11, 21)": 19,
      "List(31, 14)": 3,
      "List(21, -2147483648)": 2,
      "List(82, 0)": 14,
      "List(81, 3)": 22,
      "List(21, 0)": 2609,
      "List(24, 36)": 1,
      "List(41, 10)": 135,
      "List(42, 3)": 3,
      "List(43, 23)": 2,
      "List(22, 30)": 8,
      "List(22, 21)": 37,
      "List(52, 1)": 17,
      "List(31, 5)": 3,
      "List(23, 19)": 84,
      "List(11, 36)": 3,
      "List(21, 10)": 275,
      "List(22, 34)": 6,
      "List(41, 34)": 6,
      "List(31, 0)": 21,
      "List(23, 14)": 222,
      "List(21, 28)": 5,
      "List(22, 23)": 27,
      "List(22, 17)": 74,
      "List(21, 44)": 1,
      "List(24, 15)": 118,
      "List(95, 15)": 2,
      "List(11, 3)": 465,
      "List(22, 38)": 5,
      "List(90, 0)": 264,
      "List(22, 1)": 3215,
      "List(81, 6)": 11,
      "List(43, 6)": 15,
      "List(90, 5)": 42,
      "List(95, 6)": 22,
      "List(24, 8)": 837,
      "List(24, 28)": 7,
      "List(23, 38)": 11,
      "List(11, 38)": 1,
      "List(41, 23)": 37,
      "List(95, 1)": 222,
      "List(24, 42)": 2,
      "List(71, 5)": 31,
      "List(71, 1)": 116,
      "List(95, 14)": 2,
      "List(52, 0)": 20,
      "List(21, 1)": 2540,
      "List(90, 6)": 22,
      "List(24, 10)": 471,
      "List(11, 32)": 6,
      "List(71, 17)": 8,
      "List(24, 23)": 30,
      "List(81, 1)": 69,
      "List(41, 14)": 76,
      "List(95, 3)": 68,
      "List(24, 19)": 65,
      "List(31, 10)": 1,
      "List(23, 6)": 1103,
      "List(82, 3)": 11,
      "List(71, 0)": 219,
      "List(71, 10)": 6,
      "List(23, 0)": 9649,
      "List(22, 5)": 1195,
      "List(41, 17)": 57,
      "List(24, 32)": 5,
      "List(22, 48)": 1,
      "List(11, 24)": 14,
      "List(23, 32)": 17,
      "List(90, 10)": 5,
      "List(43, 19)": 1,
      "List(22, 26)": 15,
      "List(31, 6)": 1,
      "List(11, 15)": 38,
      "List(41, 36)": 4,
      "List(95, 10)": 11,
      "List(24, 21)": 38,
      "List(22, 40)": 3,
      "List(24, 12)": 334,
      "List(22, 44)": 1,
      "List(81, 5)": 15,
      "List(23, 28)": 23,
      "List(11, 17)": 30,
      "List(31, 8)": 3,
      "List(41, 24)": 29,
      "List(11, 10)": 115,
      "List(11, 8)": 152,
      "List(43, 1)": 50,
      "List(95, 8)": 14,
      "List(22, 19)": 64,
      "List(90, 12)": 3,
      "List(81, 19)": 1,
      "List(23, 24)": 52,
      "List(81, 23)": 1,
      "List(24, 34)": 4,
      "List(24, 38)": 1,
      "List(81, 10)": 1,
      "List(21, 38)": 1,
      "List(81, 0)": 80,
      "List(22, 8)": 421,
      "List(22, 24)": 19,
      "List(23, 44)": 5,
      "List(42, 5)": 3,
      "List(41, 32)": 3,
      "List(41, 19)": 54,
      "List(11, 5)": 318,
      "List(43, 5)": 32,
      "List(21, 12)": 184,
      "List(41, 8)": 215,
      "List(71, 6)": 26,
      "List(23, 15)": 171,
      "List(11, 1)": 891,
      "List(21, 30)": 7,
      "List(23, 40)": 7,
      "List(21, 34)": 7,
      "List(24, 26)": 11,
      "List(21, 5)": 1013,
      "List(41, 15)": 74,
      "List(23, 23)": 59,
      "List(23, 12)": 324,
      "List(43, 12)": 1,
      "List(41, 5)": 383,
      "List(21, 19)": 69,
      "List(21, 15)": 109,
      "List(41, 28)": 12,
      "List(23, 46)": 6,
      "List(21, 21)": 48,
      "List(31, 12)": 1,
      "List(41, 3)": 472,
      "List(24, 3)": 3829,
      "List(71, 8)": 10,
      "List(11, 0)": 1535,
      "List(81, 24)": 1,
      "List(95, 0)": 498,
      "List(81, 8)": 2,
      "List(22, 32)": 7,
      "List(11, 23)": 14,
      "List(11, 42)": 1,
      "List(42, 1)": 3,
      "List(90, 17)": 5,
      "List(95, 12)": 3,
      "List(52, 3)": 7,
      "List(23, 5)": 1951,
      "List(90, 36)": 1,
      "List(90, 3)": 41,
      "List(43, 0)": 20,
      "List(23, 21)": 75,
      "List(43, 8)": 8,
      "List(22, 6)": 662,
      "List(21, 26)": 16,
      "List(24, 5)": 1971,
      "List(11, 30)": 5,
      "List(11, 34)": 2,
      "List(11, 6)": 199,
      "List(31, 30)": 1,
      "List(90, 19)": 2,
      "List(23, 3)": 3627,
      "List(71, 15)": 3,
      "List(81, 15)": 3,
      "List(22, 15)": 121,
      "List(31, 23)": 1,
      "List(71, 14)": 2,
      "List(22, 28)": 19,
      "List(23, 17)": 129,
      "List(41, 6)": 296,
      "List(41, 30)": 5,
      "List(41, 38)": 1,
      "List(41, 12)": 110,
      "List(23, 30)": 17,
      "List(82, 6)": 2,
      "List(24, 46)": 1,
      "List(21, 24)": 26,
      "List(52, 5)": 8,
      "List(41, 0)": 558,
      "List(71, 19)": 3,
      "List(22, 3)": 1851,
      "List(22, 12)": 194,
      "List(52, 6)": 2,
      "List(43, 3)": 66,
      "List(90, 15)": 4,
      "List(90, 26)": 1,
      "List(24, 17)": 82,
      "List(71, 21)": 4,
      "List(31, 1)": 23,
      "List(52, 12)": 2,
      "List(22, 10)": 276,
      "List(21, 14)": 151,
      "List(52, 15)": 2,
      "List(71, 3)": 34,
      "List(43, 17)": 1,
      "List(21, 42)": 2,
      "List(21, 8)": 414,
      "List(52, 8)": 6,
      "List(23, 36)": 15,
      "List(90, 24)": 1,
      "List(24, 40)": 3,
      "List(23, 8)": 681,
      "List(82, 1)": 18
    },
    "nlcd_kfactor": {
      "List(42)": 0,
      "List(22)": 0.06278397301349181,
      "List(43)": 0.08842360824346543,
      "List(71)": 0.028835581312474063,
      "List(41)": 0.13439835933063252,
      "List(21)": 0.07449951557197956,
      "List(24)": 0.020628080722413292,
      "List(31)": 0.055922335422832835,
      "List(90)": 0.015854825625266834,
      "List(52)": 0.08901381492614746,
      "List(11)": 0.03549391647353897,