{
  "input": {
    "polygon": [
      "{\"type\": \"MultiPolygon\", \"coordinates\": [[[[-76.214368343, 40.054777467], [-76.215591431, 40.054350433], [-76.215430498, 40.053668816], [-76.218445301, 40.052946129], [-76.217275858, 40.050465943], [-76.215344667, 40.050999765], [-76.215612888, 40.051640347], [-76.213306189, 40.052133098], [-76.214368343, 40.054777467]]]]}",
      "{\"type\": \"Polygon\", \"coordinates\": [[[-76.21552399034168, 40.054064794260896], [-76.21392306562677, 40.05366889170663], [-76.21355687864876, 40.05275722212493], [-76.21412648827955, 40.05195786781596], [-76.21483089569675, 40.05180739414808], [-76.21524692156184, 40.052762738523796], [-76.21475458145142, 40.05289687621089], [-76.21548538666218, 40.05331033979461], [-76.21562154952683, 40.05362301849523], [-76.215430498, 40.053668816], [-76.21552399034168, 40.054064794260896]]]}",
      "{\"type\": \"Polygon\", \"coordinates\": [[[-76.21690034866333, 40.05299542487784], [-76.21572017669678, 40.052223456506226], [-76.21702909469604, 40.05191138170397], [-76.21690034866333, 40.05299542487784]]]}",
      "{\"type\": \"Polygon\", \"coordinates\": [[[-76.21524692156184, 40.052762738523796], [-76.21548538666218, 40.05331033979461], [-76.21475458145142, 40.05289687621089], [-76.21524692156184, 40.052762738523796]]]}",
      "{\"type\": \"Polygon\", \"coordinates\": [[[-76.2159140998055, 40.05355289043604], [-76.21548538666218, 40.05331033979461], [-76.21524692156184, 40.052762738523796], [-76.21602058410645, 40.052551954754364], [-76.21619019297006, 40.05348670735846], [-76.2159140998055, 40.05355289043604]]]}"
    ],
    "polygonCRS": "LatLng",
    "rasters": [
      "nlcd-2011-30m-epsg5070-512-int8",
      "ssurgo-hydro-groups-30m-epsg5070-512-int8"
    ],
    "rasterCRS": "ConusAlbers",
    "operationType": "RasterGroupedCountMany",
    "zoom": 0
  }
}
